timestamp,open,high,low,close,volume
2026-05-17 12:45:00,2197.13,2198.04,2194.5,2194.5,532.7625
2026-05-17 12:50:00,2194.51,2195.56,2194.49,2194.81,253.2526
2026-05-17 12:55:00,2194.81,2195.32,2193.58,2194.3,176.5359
2026-05-17 13:00:00,2194.3,2194.3,2191.62,2193.85,347.1454
2026-05-17 13:05:00,2193.85,2194.93,2192.81,2192.81,244.9645
2026-05-17 13:10:00,2192.81,2193.36,2190.6,2190.75,581.542
2026-05-17 13:15:00,2190.76,2190.76,2187.29,2190.44,760.2315
2026-05-17 13:20:00,2190.44,2190.44,2188.96,2189.31,363.5025
2026-05-17 13:25:00,2189.32,2191.96,2189.31,2191.95,654.2056
2026-05-17 13:30:00,2191.96,2192.28,2190.79,2191.51,244.5321
2026-05-17 13:35:00,2191.51,2194.39,2191.51,2193.41,305.3318
2026-05-17 13:40:00,2193.41,2193.9,2192.28,2193.37,215.6003
2026-05-17 13:45:00,2193.37,2194.72,2193.37,2194.19,175.7066
2026-05-17 13:50:00,2194.19,2194.72,2190.82,2191.27,735.3343
2026-05-17 13:55:00,2191.27,2192.42,2190.4,2192.12,195.4261
2026-05-17 14:00:00,2192.12,2192.39,2189.4,2190.1,532.1547
2026-05-17 14:05:00,2190.1,2190.29,2187.4,2187.99,490.2488
2026-05-17 14:10:00,2187.98,2188.76,2187.51,2187.77,258.6448
2026-05-17 14:15:00,2187.78,2187.78,2178.39,2184.36,2737.6686
2026-05-17 14:20:00,2184.37,2186.0,2182.81,2185.09,611.4532
2026-05-17 14:25:00,2185.1,2189.62,2185.09,2187.53,500.0034
2026-05-17 14:30:00,2187.53,2188.8,2183.45,2186.1,497.8414
2026-05-17 14:35:00,2186.1,2186.63,2184.01,2184.13,170.3672
2026-05-17 14:40:00,2184.13,2185.56,2184.13,2185.34,188.714
2026-05-17 14:45:00,2185.35,2187.21,2185.35,2187.06,293.09
2026-05-17 14:50:00,2187.07,2187.89,2186.27,2187.89,223.5394
2026-05-17 14:55:00,2187.89,2188.32,2186.61,2186.64,248.6862
2026-05-17 15:00:00,2186.64,2186.81,2184.65,2186.73,294.1857
2026-05-17 15:05:00,2186.74,2188.5,2186.73,2187.68,160.0044
2026-05-17 15:10:00,2187.69,2188.84,2187.01,2187.01,373.6211
2026-05-17 15:15:00,2187.01,2187.02,2181.2,2185.26,627.8252
2026-05-17 15:20:00,2185.27,2185.31,2184.09,2184.49,190.6093
2026-05-17 15:25:00,2184.49,2184.49,2182.99,2183.03,174.7059
2026-05-17 15:30:00,2183.04,2185.41,2183.03,2185.4,209.6043
2026-05-17 15:35:00,2185.41,2186.17,2184.12,2185.57,211.3786
2026-05-17 15:40:00,2185.57,2186.8,2184.5,2185.67,431.4815
2026-05-17 15:45:00,2185.67,2187.26,2185.48,2186.67,283.6848
2026-05-17 15:50:00,2186.67,2186.89,2186.22,2186.23,228.9821
2026-05-17 15:55:00,2186.23,2187.26,2186.22,2186.51,155.1141
2026-05-17 16:00:00,2186.51,2189.12,2186.5,2187.45,418.9009
2026-05-17 16:05:00,2187.46,2187.47,2185.96,2186.14,221.0331
2026-05-17 16:10:00,2186.14,2186.14,2185.0,2185.35,85.9198
2026-05-17 16:15:00,2185.36,2186.59,2184.39,2184.81,265.7694
2026-05-17 16:20:00,2184.82,2185.08,2183.53,2185.08,180.2612
2026-05-17 16:25:00,2185.08,2186.98,2185.07,2186.65,177.3316
2026-05-17 16:30:00,2186.64,2187.95,2185.84,2186.27,239.8676
2026-05-17 16:35:00,2186.27,2186.48,2185.84,2186.19,120.152
2026-05-17 16:40:00,2186.2,2187.69,2186.19,2187.33,267.3369
2026-05-17 16:45:00,2187.34,2187.34,2184.72,2184.75,184.6332
2026-05-17 16:50:00,2184.76,2185.03,2183.19,2185.03,172.3101
2026-05-17 16:55:00,2185.03,2185.16,2182.15,2182.51,493.8895
2026-05-17 17:00:00,2182.52,2183.47,2180.07,2183.46,489.4581
2026-05-17 17:05:00,2183.45,2183.71,2182.36,2183.0,225.3526
2026-05-17 17:10:00,2183.01,2183.01,2177.95,2178.96,623.5769
2026-05-17 17:15:00,2178.95,2180.2,2176.63,2179.34,606.5672
2026-05-17 17:20:00,2179.33,2180.61,2179.29,2180.17,197.2572
2026-05-17 17:25:00,2180.16,2180.17,2178.99,2179.61,226.6062
2026-05-17 17:30:00,2179.62,2179.77,2176.89,2179.63,306.4227
2026-05-17 17:35:00,2179.63,2180.35,2177.44,2180.34,528.0558
2026-05-17 17:40:00,2180.34,2182.53,2179.25,2182.52,221.0056
2026-05-17 17:45:00,2182.53,2183.49,2181.28,2183.48,354.3609
2026-05-17 17:50:00,2183.48,2184.06,2183.22,2183.6,187.794
2026-05-17 17:55:00,2183.6,2184.95,2183.31,2183.67,322.9626
2026-05-17 18:00:00,2183.68,2187.77,2182.9,2186.11,433.3642
2026-05-17 18:05:00,2186.11,2187.34,2184.16,2184.16,357.1845
2026-05-17 18:10:00,2184.17,2184.83,2183.59,2183.76,88.3882
2026-05-17 18:15:00,2183.76,2184.4,2180.54,2180.54,222.5387
2026-05-17 18:20:00,2180.53,2181.72,2179.13,2181.72,301.4784
2026-05-17 18:25:00,2181.72,2183.89,2181.71,2183.88,180.8865
2026-05-17 18:30:00,2183.89,2185.7,2183.09,2184.64,276.0864
2026-05-17 18:35:00,2184.64,2185.55,2184.64,2184.88,169.0979
2026-05-17 18:40:00,2184.88,2184.88,2183.56,2183.62,127.5254
2026-05-17 18:45:00,2183.62,2185.01,2182.74,2185.0,177.6836
2026-05-17 18:50:00,2185.0,2187.1,2184.52,2187.1,216.9727
2026-05-17 18:55:00,2187.1,2188.5,2186.98,2188.49,190.1575
2026-05-17 19:00:00,2188.5,2189.43,2187.56,2188.77,275.6568
2026-05-17 19:05:00,2188.77,2190.36,2188.59,2189.24,141.0263
2026-05-17 19:10:00,2189.24,2189.24,2188.04,2188.57,131.7581
2026-05-17 19:15:00,2188.57,2188.84,2187.96,2188.42,82.0061
2026-05-17 19:20:00,2188.42,2191.61,2188.4,2189.76,432.5562
2026-05-17 19:25:00,2189.77,2190.14,2188.55,2188.85,75.2102
2026-05-17 19:30:00,2188.84,2189.85,2188.76,2189.72,76.2052
2026-05-17 19:35:00,2189.71,2190.9,2189.21,2190.9,167.6293
2026-05-17 19:40:00,2190.9,2193.54,2190.9,2192.18,424.0322
2026-05-17 19:45:00,2192.18,2193.41,2190.56,2193.4,274.9828
2026-05-17 19:50:00,2193.4,2193.62,2192.72,2192.72,293.9239
2026-05-17 19:55:00,2192.73,2192.73,2192.0,2192.53,135.0589
2026-05-17 20:00:00,2192.54,2193.68,2190.17,2190.94,336.6828
2026-05-17 20:05:00,2190.95,2191.11,2189.75,2189.92,340.728
2026-05-17 20:10:00,2189.93,2190.44,2188.87,2190.05,222.1105
2026-05-17 20:15:00,2190.05,2190.06,2188.05,2188.06,230.9522
2026-05-17 20:20:00,2188.05,2189.68,2186.98,2189.26,330.7101
2026-05-17 20:25:00,2189.26,2189.68,2188.85,2188.92,105.4878
2026-05-17 20:30:00,2188.91,2190.9,2188.84,2188.84,117.1595
2026-05-17 20:35:00,2188.85,2189.78,2187.8,2188.9,212.829
2026-05-17 20:40:00,2188.91,2189.82,2188.56,2189.46,240.5786
2026-05-17 20:45:00,2189.47,2189.47,2188.49,2189.11,85.2011
2026-05-17 20:50:00,2189.12,2189.79,2189.12,2189.54,113.3682
2026-05-17 20:55:00,2189.54,2189.82,2189.32,2189.55,119.2455
2026-05-17 21:00:00,2189.55,2189.55,2187.24,2188.16,164.6982
2026-05-17 21:05:00,2188.17,2189.0,2188.1,2188.98,55.4108
2026-05-17 21:10:00,2188.98,2189.62,2188.92,2189.45,104.156
2026-05-17 21:15:00,2189.44,2190.0,2188.8,2190.0,198.7486
2026-05-17 21:20:00,2190.0,2192.51,2189.99,2192.51,358.9698
2026-05-17 21:25:00,2192.5,2192.89,2191.78,2192.14,156.1077
2026-05-17 21:30:00,2192.14,2192.87,2192.14,2192.67,135.7874
2026-05-17 21:35:00,2192.67,2194.82,2191.99,2191.99,315.758
2026-05-17 21:40:00,2191.99,2193.34,2191.4,2192.84,229.3717
2026-05-17 21:45:00,2192.85,2193.29,2192.09,2192.62,399.564
2026-05-17 21:50:00,2192.61,2192.62,2191.98,2192.22,48.9681
2026-05-17 21:55:00,2192.22,2193.29,2191.8,2191.81,132.862
2026-05-17 22:00:00,2191.8,2191.8,2180.98,2187.28,1413.0508
2026-05-17 22:05:00,2187.29,2189.12,2182.86,2183.44,587.6363
2026-05-17 22:10:00,2183.44,2184.3,2178.98,2183.7,1352.5332
2026-05-17 22:15:00,2183.7,2185.22,2180.73,2180.91,587.7475
2026-05-17 22:20:00,2180.91,2183.47,2177.22,2181.1,1378.5288
2026-05-17 22:25:00,2181.1,2181.78,2178.09,2181.38,1558.8128
2026-05-17 22:30:00,2181.37,2184.63,2180.4,2184.07,556.9214
2026-05-17 22:35:00,2184.06,2184.07,2178.39,2182.74,911.8486
2026-05-17 22:40:00,2182.74,2184.6,2181.84,2182.32,394.3043
2026-05-17 22:45:00,2182.31,2182.38,2180.88,2181.61,272.7692
2026-05-17 22:50:00,2181.6,2181.6,2174.01,2176.61,1614.2478
2026-05-17 22:55:00,2176.6,2179.7,2176.6,2179.69,411.5181
2026-05-17 23:00:00,2179.7,2179.7,2175.81,2176.04,507.1914
2026-05-17 23:05:00,2176.05,2176.36,2170.29,2173.65,1713.9837
2026-05-17 23:10:00,2173.65,2175.58,2173.27,2174.28,434.4001
2026-05-17 23:15:00,2174.27,2174.27,2167.0,2172.29,2634.5086
2026-05-17 23:20:00,2172.3,2176.74,2170.86,2174.8,694.35
2026-05-17 23:25:00,2174.79,2175.35,2170.68,2171.0,420.3462
2026-05-17 23:30:00,2171.0,2172.98,2168.71,2172.98,662.2758
2026-05-17 23:35:00,2172.97,2172.97,2167.66,2168.49,684.862
2026-05-17 23:40:00,2168.49,2168.68,2091.48,2121.04,52519.65
2026-05-17 23:45:00,2121.04,2128.3,2116.77,2122.54,6936.0111
2026-05-17 23:50:00,2122.54,2130.88,2120.57,2129.26,2802.7576
2026-05-17 23:55:00,2129.25,2131.78,2126.14,2131.0,2852.3713
2026-05-18 00:00:00,2131.0,2132.0,2119.45,2124.12,3839.5431
2026-05-18 00:05:00,2124.12,2124.12,2119.08,2119.73,2738.5891
2026-05-18 00:10:00,2119.74,2121.22,2112.01,2120.78,5934.9739
2026-05-18 00:15:00,2120.78,2126.25,2119.36,2119.36,2902.548
2026-05-18 00:20:00,2119.36,2122.41,2116.51,2116.87,1698.5018
2026-05-18 00:25:00,2116.88,2116.88,2108.78,2113.4,3175.7776
2026-05-18 00:30:00,2113.39,2115.92,2104.99,2110.53,3254.4913
2026-05-18 00:35:00,2110.54,2115.0,2109.14,2112.01,2938.2361
2026-05-18 00:40:00,2112.0,2113.23,2109.28,2109.37,2422.2789
2026-05-18 00:45:00,2109.36,2112.19,2108.54,2111.37,1864.8594
2026-05-18 00:50:00,2111.38,2111.96,2107.0,2108.87,1092.9361
2026-05-18 00:55:00,2108.87,2115.47,2108.87,2115.46,1585.8449
2026-05-18 01:00:00,2115.47,2116.38,2112.21,2115.27,1947.7047
2026-05-18 01:05:00,2115.28,2119.04,2113.22,2116.35,1146.4769
2026-05-18 01:10:00,2116.34,2120.32,2113.14,2113.14,1365.5459
2026-05-18 01:15:00,2113.13,2113.96,2109.56,2110.12,1264.09
2026-05-18 01:20:00,2110.13,2112.94,2106.5,2111.05,1427.3614
2026-05-18 01:25:00,2111.05,2112.59,2109.12,2111.16,555.5761
2026-05-18 01:30:00,2111.16,2112.81,2109.57,2109.82,1248.701
2026-05-18 01:35:00,2109.81,2113.12,2109.68,2112.45,1075.7784
2026-05-18 01:40:00,2112.44,2113.23,2109.97,2110.95,1798.8898
2026-05-18 01:45:00,2110.96,2114.59,2107.36,2112.42,2264.4941
2026-05-18 01:50:00,2112.43,2116.08,2111.83,2116.02,649.4568
2026-05-18 01:55:00,2116.01,2121.33,2115.5,2117.54,1595.5549
2026-05-18 02:00:00,2117.54,2121.59,2115.85,2121.25,589.0072
2026-05-18 02:05:00,2121.24,2122.56,2119.38,2121.72,729.619
2026-05-18 02:10:00,2121.72,2124.0,2120.42,2123.54,1030.3442
2026-05-18 02:15:00,2123.55,2123.82,2120.35,2121.4,1312.3962
2026-05-18 02:20:00,2121.4,2121.66,2118.16,2119.88,688.4841
2026-05-18 02:25:00,2119.88,2121.35,2119.75,2120.31,489.3686
2026-05-18 02:30:00,2120.31,2121.41,2118.79,2118.97,506.4429
2026-05-18 02:35:00,2118.97,2118.97,2115.27,2116.01,967.6175
2026-05-18 02:40:00,2116.01,2118.22,2114.79,2117.71,735.0438
2026-05-18 02:45:00,2117.71,2120.35,2117.4,2117.72,527.4008
2026-05-18 02:50:00,2117.73,2118.33,2112.78,2114.94,1057.432
2026-05-18 02:55:00,2114.95,2116.96,2114.65,2116.64,537.7423
2026-05-18 03:00:00,2116.65,2120.95,2116.27,2120.95,1093.6351
2026-05-18 03:05:00,2120.95,2123.21,2120.51,2122.82,568.4767
2026-05-18 03:10:00,2122.81,2123.91,2117.92,2118.07,753.6726
2026-05-18 03:15:00,2118.07,2120.39,2117.94,2118.7,446.8486
2026-05-18 03:20:00,2118.7,2120.77,2117.56,2120.44,612.5114
2026-05-18 03:25:00,2120.44,2121.18,2118.58,2119.95,724.0654
2026-05-18 03:30:00,2119.95,2119.96,2115.89,2118.26,672.2158
2026-05-18 03:35:00,2118.26,2119.71,2117.41,2118.69,608.907
2026-05-18 03:40:00,2118.69,2121.85,2118.03,2121.09,581.4754
2026-05-18 03:45:00,2121.09,2121.65,2119.36,2120.42,682.0445
2026-05-18 03:50:00,2120.42,2120.9,2117.21,2118.04,790.3861
2026-05-18 03:55:00,2118.04,2119.37,2116.78,2118.44,441.5839
2026-05-18 04:00:00,2118.44,2120.77,2118.43,2119.73,487.5812
2026-05-18 04:05:00,2119.74,2120.52,2117.68,2119.79,1146.0543
2026-05-18 04:10:00,2119.79,2122.52,2119.21,2121.96,491.3262
2026-05-18 04:15:00,2121.96,2122.18,2120.0,2120.27,455.4237
2026-05-18 04:20:00,2120.27,2120.27,2115.06,2115.64,1393.7726
2026-05-18 04:25:00,2115.64,2116.21,2114.24,2115.78,532.5528
2026-05-18 04:30:00,2115.78,2116.95,2114.75,2116.95,636.9482
2026-05-18 04:35:00,2116.95,2118.14,2116.95,2117.9,259.1158
2026-05-18 04:40:00,2117.9,2122.06,2117.9,2122.06,361.6335
2026-05-18 04:45:00,2122.08,2124.0,2121.24,2121.49,369.9022
2026-05-18 04:50:00,2121.48,2123.29,2120.24,2123.16,295.639
2026-05-18 04:55:00,2123.17,2125.5,2122.34,2124.85,407.7667
2026-05-18 05:00:00,2124.85,2125.83,2122.61,2124.85,490.6246
2026-05-18 05:05:00,2124.85,2125.0,2123.32,2124.32,300.2611
2026-05-18 05:10:00,2124.32,2125.09,2123.37,2123.73,534.9814
2026-05-18 05:15:00,2123.73,2123.73,2119.7,2121.09,961.0566
2026-05-18 05:20:00,2121.08,2123.14,2120.89,2123.14,541.2346
2026-05-18 05:25:00,2123.14,2124.72,2122.69,2124.04,245.8238
2026-05-18 05:30:00,2124.03,2125.38,2122.79,2122.79,786.6423
2026-05-18 05:35:00,2122.79,2123.24,2121.02,2121.76,671.5564
2026-05-18 05:40:00,2121.76,2121.9,2117.61,2119.6,813.1254
2026-05-18 05:45:00,2119.6,2121.22,2119.31,2120.59,339.2985
2026-05-18 05:50:00,2120.58,2120.59,2118.86,2120.27,358.8518
2026-05-18 05:55:00,2120.27,2120.28,2117.0,2118.25,410.3212
2026-05-18 06:00:00,2118.25,2121.0,2118.03,2118.03,524.5882
2026-05-18 06:05:00,2118.02,2118.73,2113.41,2114.05,1426.8861
2026-05-18 06:10:00,2114.05,2118.86,2111.51,2118.54,1102.1568
2026-05-18 06:15:00,2118.54,2121.0,2115.63,2116.8,924.6849
2026-05-18 06:20:00,2116.8,2116.8,2110.0,2114.6,1539.1607
2026-05-18 06:25:00,2114.6,2115.57,2113.23,2113.23,715.2985
2026-05-18 06:30:00,2113.22,2115.35,2110.25,2114.98,807.3496
2026-05-18 06:35:00,2114.98,2117.97,2113.87,2113.88,572.9464
2026-05-18 06:40:00,2113.88,2117.76,2113.87,2117.76,307.9738
2026-05-18 06:45:00,2117.76,2119.45,2117.36,2119.35,457.0128
2026-05-18 06:50:00,2119.35,2119.35,2116.91,2118.01,381.5545
2026-05-18 06:55:00,2118.02,2119.99,2118.01,2119.03,289.1367
2026-05-18 07:00:00,2119.04,2121.89,2119.04,2120.14,462.5823
2026-05-18 07:05:00,2120.13,2120.66,2118.51,2118.71,230.1566
2026-05-18 07:10:00,2118.71,2118.71,2116.06,2117.6,428.2638
2026-05-18 07:15:00,2117.61,2117.61,2114.4,2114.41,410.1009
2026-05-18 07:20:00,2114.4,2114.97,2112.07,2114.3,564.4302
2026-05-18 07:25:00,2114.3,2121.26,2114.29,2120.02,815.0895
2026-05-18 07:30:00,2120.03,2123.99,2120.03,2122.27,1081.4767
2026-05-18 07:35:00,2122.26,2122.27,2118.96,2118.97,913.9036
2026-05-18 07:40:00,2118.97,2119.49,2115.43,2116.06,1267.9337
2026-05-18 07:45:00,2116.05,2120.52,2116.03,2119.37,1148.5027
2026-05-18 07:50:00,2119.37,2121.31,2118.49,2121.22,906.7138
2026-05-18 07:55:00,2121.22,2122.35,2120.62,2120.82,1566.6014
2026-05-18 08:00:00,2120.82,2123.24,2120.81,2123.24,780.5125
2026-05-18 08:05:00,2123.24,2124.05,2121.89,2122.52,671.1749
2026-05-18 08:10:00,2122.52,2122.77,2121.0,2121.15,554.3431
2026-05-18 08:15:00,2121.15,2121.9,2120.14,2120.82,633.7541
2026-05-18 08:20:00,2120.82,2122.57,2120.53,2121.72,442.4
2026-05-18 08:25:00,2121.71,2122.95,2121.13,2121.14,244.9002
2026-05-18 08:30:00,2121.14,2121.67,2118.61,2120.97,427.8366
2026-05-18 08:35:00,2120.97,2121.11,2118.0,2118.68,470.694
2026-05-18 08:40:00,2118.68,2119.27,2118.31,2118.32,400.946
2026-05-18 08:45:00,2118.31,2119.36,2117.48,2118.18,635.2911
2026-05-18 08:50:00,2118.18,2121.75,2118.18,2121.4,436.389
2026-05-18 08:55:00,2121.41,2122.01,2120.91,2121.57,631.6387
2026-05-18 09:00:00,2121.57,2121.93,2118.25,2118.51,380.1268
2026-05-18 09:05:00,2118.51,2118.52,2117.22,2117.96,334.7871
2026-05-18 09:10:00,2117.96,2118.7,2116.03,2118.32,867.3557
2026-05-18 09:15:00,2118.31,2119.58,2118.0,2118.41,264.9944
2026-05-18 09:20:00,2118.41,2119.64,2118.15,2118.67,167.1146
2026-05-18 09:25:00,2118.67,2118.68,2116.92,2117.95,236.4042
2026-05-18 09:30:00,2117.96,2117.96,2116.34,2117.95,439.6433
2026-05-18 09:35:00,2117.96,2120.34,2117.96,2119.78,285.8873
2026-05-18 09:40:00,2119.78,2120.13,2117.7,2117.7,401.5661
2026-05-18 09:45:00,2117.71,2119.08,2117.09,2118.53,324.7813
2026-05-18 09:50:00,2118.54,2118.94,2116.83,2116.84,152.7462
2026-05-18 09:55:00,2116.83,2117.13,2116.73,2116.88,407.4436
2026-05-18 10:00:00,2116.88,2117.59,2115.27,2115.61,538.199
2026-05-18 10:05:00,2115.61,2115.79,2112.65,2114.59,929.2942
2026-05-18 10:10:00,2114.59,2115.44,2113.32,2113.95,553.5356
2026-05-18 10:15:00,2113.95,2116.57,2113.63,2116.01,452.1744
2026-05-18 10:20:00,2116.01,2116.84,2114.17,2115.64,596.2094
2026-05-18 10:25:00,2115.64,2116.78,2115.63,2115.82,283.7922
2026-05-18 10:30:00,2115.82,2117.5,2114.19,2114.38,557.198
2026-05-18 10:35:00,2114.37,2115.37,2113.43,2115.16,728.4143
2026-05-18 10:40:00,2115.16,2115.58,2113.35,2114.2,556.1422
2026-05-18 10:45:00,2114.21,2117.32,2114.21,2116.58,444.2973
2026-05-18 10:50:00,2116.59,2117.32,2115.97,2116.05,522.1739
2026-05-18 10:55:00,2116.04,2116.18,2114.55,2114.55,173.5073
2026-05-18 11:00:00,2114.56,2115.01,2113.57,2114.17,928.4954
2026-05-18 11:05:00,2114.18,2114.18,2111.36,2111.42,548.2482
2026-05-18 11:10:00,2111.42,2113.59,2110.5,2113.33,484.2528
2026-05-18 11:15:00,2113.34,2115.97,2112.87,2115.43,346.2576
2026-05-18 11:20:00,2115.42,2115.42,2113.87,2114.29,737.107
2026-05-18 11:25:00,2114.3,2115.53,2114.3,2114.72,307.5472
2026-05-18 11:30:00,2114.72,2119.99,2113.22,2119.45,1241.5909
2026-05-18 11:35:00,2119.45,2129.16,2117.24,2129.11,2182.6169
2026-05-18 11:40:00,2129.1,2139.75,2127.93,2136.78,5050.1973
2026-05-18 11:45:00,2136.79,2137.55,2133.24,2135.4,2024.0255
2026-05-18 11:50:00,2135.41,2135.88,2132.15,2135.35,826.2115
2026-05-18 11:55:00,2135.35,2135.53,2133.07,2133.9,1234.1816
2026-05-18 12:00:00,2133.9,2145.37,2133.9,2138.39,5243.7901
2026-05-18 12:05:00,2138.39,2148.18,2138.38,2144.92,2508.4864
2026-05-18 12:10:00,2144.92,2145.67,2141.83,2143.91,905.239
2026-05-18 12:15:00,2143.9,2148.0,2142.11,2145.54,1912.7607
2026-05-18 12:20:00,2145.54,2150.45,2144.61,2150.19,2409.6938
2026-05-18 12:25:00,2150.19,2150.19,2144.72,2144.92,1126.6961
2026-05-18 12:30:00,2144.92,2149.57,2142.92,2149.23,1870.8251
2026-05-18 12:35:00,2149.23,2153.95,2148.52,2152.21,2314.3457
2026-05-18 12:40:00,2152.2,2155.55,2150.52,2155.02,2156.4711
2026-05-18 12:45:00,2155.03,2157.24,2151.49,2151.93,2175.9543
2026-05-18 12:50:00,2151.94,2152.61,2149.71,2150.81,1686.6101
2026-05-18 12:55:00,2150.82,2154.91,2150.07,2151.01,1312.9711
2026-05-18 13:00:00,2151.02,2151.41,2145.01,2147.1,2265.0967
2026-05-18 13:05:00,2147.1,2147.97,2145.73,2145.73,592.9745
2026-05-18 13:10:00,2145.72,2149.65,2145.33,2147.87,777.9156
2026-05-18 13:15:00,2147.88,2147.88,2144.83,2146.13,725.6666
2026-05-18 13:20:00,2146.13,2146.54,2144.63,2145.76,485.8064
2026-05-18 13:25:00,2145.76,2145.76,2142.45,2142.74,1107.482
2026-05-18 13:30:00,2142.74,2142.86,2132.84,2135.59,3438.5817
2026-05-18 13:35:00,2135.58,2137.97,2120.25,2128.8,6677.6656
2026-05-18 13:40:00,2128.81,2133.69,2121.58,2125.78,3236.7137
2026-05-18 13:45:00,2125.79,2134.18,2122.67,2131.22,2969.6473
2026-05-18 13:50:00,2131.22,2137.35,2129.6,2134.58,1614.504
2026-05-18 13:55:00,2134.58,2135.46,2129.26,2130.91,1285.801
2026-05-18 14:00:00,2130.9,2130.9,2125.06,2129.17,1601.5656
2026-05-18 14:05:00,2129.18,2130.2,2123.46,2129.6,2472.0469
2026-05-18 14:10:00,2129.59,2129.74,2123.29,2124.44,929.7269
2026-05-18 14:15:00,2124.44,2128.11,2114.94,2120.3,4036.0284
2026-05-18 14:20:00,2120.3,2123.93,2118.1,2119.35,2052.0215
2026-05-18 14:25:00,2119.34,2122.47,2116.48,2117.05,1501.3904
2026-05-18 14:30:00,2117.05,2119.0,2104.66,2106.58,4402.9481
2026-05-18 14:35:00,2106.59,2115.54,2098.01,2114.0,5155.9845
2026-05-18 14:40:00,2113.99,2115.08,2111.29,2113.71,3504.177
2026-05-18 14:45:00,2113.71,2113.79,2106.67,2111.04,2236.1274
2026-05-18 14:50:00,2111.04,2114.9,2107.85,2107.86,1494.5902
2026-05-18 14:55:00,2107.85,2111.49,2107.4,2110.32,2257.9525
2026-05-18 15:00:00,2110.32,2111.3,2095.51,2099.86,7457.0253
2026-05-18 15:05:00,2099.86,2104.55,2096.66,2099.96,3088.0279
2026-05-18 15:10:00,2099.97,2106.89,2099.34,2103.93,1905.3264
2026-05-18 15:15:00,2103.92,2103.92,2095.53,2096.82,3046.0957
2026-05-18 15:20:00,2096.81,2100.29,2095.82,2098.24,2064.413
2026-05-18 15:25:00,2098.24,2102.48,2096.66,2097.71,3792.2718
2026-05-18 15:30:00,2097.7,2102.06,2093.77,2102.06,2681.9789
2026-05-18 15:35:00,2102.06,2106.51,2102.05,2103.76,1693.8229
2026-05-18 15:40:00,2103.77,2108.75,2103.25,2107.27,1771.9869
2026-05-18 15:45:00,2107.26,2108.43,2105.81,2105.81,1199.3954
2026-05-18 15:50:00,2105.81,2108.13,2103.67,2108.12,1338.6447
2026-05-18 15:55:00,2108.13,2110.65,2106.7,2107.48,1240.2855
2026-05-18 16:00:00,2107.49,2107.95,2102.69,2102.85,1375.321
2026-05-18 16:05:00,2102.85,2104.99,2101.56,2103.7,1421.6885
2026-05-18 16:10:00,2103.7,2111.19,2103.65,2107.18,1661.3906
2026-05-18 16:15:00,2107.17,2111.0,2107.17,2108.98,854.5201
2026-05-18 16:20:00,2108.97,2110.99,2102.62,2105.29,1659.7538
2026-05-18 16:25:00,2105.3,2105.3,2092.6,2093.46,2940.0787
2026-05-18 16:30:00,2093.46,2098.87,2090.56,2095.15,3331.2004
2026-05-18 16:35:00,2095.14,2100.05,2094.87,2097.57,1150.79
2026-05-18 16:40:00,2097.58,2098.73,2096.0,2098.73,672.9673
2026-05-18 16:45:00,2098.73,2101.35,2098.12,2098.8,1242.9347
2026-05-18 16:50:00,2098.81,2100.27,2097.46,2099.73,495.4654
2026-05-18 16:55:00,2099.73,2102.27,2097.71,2097.71,1446.2339
2026-05-18 17:00:00,2097.71,2101.75,2095.33,2101.75,808.104
2026-05-18 17:05:00,2101.75,2107.85,2100.68,2103.97,1325.0913
2026-05-18 17:10:00,2103.98,2106.13,2101.5,2102.43,832.5087
2026-05-18 17:15:00,2102.42,2107.1,2102.42,2105.79,638.3941
2026-05-18 17:20:00,2105.79,2107.23,2103.95,2106.13,636.1494
2026-05-18 17:25:00,2106.12,2107.28,2103.67,2107.28,844.188
2026-05-18 17:30:00,2107.28,2107.5,2104.08,2105.04,673.5823
2026-05-18 17:35:00,2105.04,2106.31,2103.39,2105.31,302.4933
2026-05-18 17:40:00,2105.31,2108.21,2104.93,2107.45,582.552
2026-05-18 17:45:00,2107.46,2110.19,2106.97,2107.62,500.5111
2026-05-18 17:50:00,2107.62,2110.17,2107.18,2107.37,1000.8602
2026-05-18 17:55:00,2107.37,2109.34,2106.06,2108.21,2317.4119
2026-05-18 18:00:00,2108.21,2109.12,2103.72,2104.67,864.6103
2026-05-18 18:05:00,2104.67,2105.06,2101.77,2103.83,741.0673
2026-05-18 18:10:00,2103.83,2103.89,2100.42,2100.72,641.5962
2026-05-18 18:15:00,2100.72,2100.72,2094.24,2095.89,4575.9571
2026-05-18 18:20:00,2095.89,2096.52,2092.62,2093.31,1465.8061
2026-05-18 18:25:00,2093.31,2093.84,2077.23,2088.36,13773.7258
2026-05-18 18:30:00,2088.37,2092.12,2087.84,2090.85,1833.2139
2026-05-18 18:35:00,2090.85,2091.7,2087.0,2087.34,682.183
2026-05-18 18:40:00,2087.34,2089.98,2084.53,2087.16,1435.4465
2026-05-18 18:45:00,2087.17,2090.37,2084.33,2084.77,875.8281
2026-05-18 18:50:00,2084.77,2087.65,2083.77,2083.93,842.7016
2026-05-18 18:55:00,2083.92,2086.76,2079.86,2081.32,1872.4918
2026-05-18 19:00:00,2081.31,2113.55,2079.64,2108.08,9891.4271
2026-05-18 19:05:00,2108.09,2112.67,2097.16,2103.41,3717.8644
2026-05-18 19:10:00,2103.41,2107.58,2101.69,2105.64,2298.1327
2026-05-18 19:15:00,2105.64,2107.82,2102.21,2105.89,1600.6194
2026-05-18 19:20:00,2105.88,2109.59,2104.4,2105.39,2262.7431
2026-05-18 19:25:00,2105.39,2106.86,2102.5,2105.7,911.5613
2026-05-18 19:30:00,2105.69,2109.3,2105.01,2106.4,1105.3033
2026-05-18 19:35:00,2106.41,2111.66,2106.41,2109.75,1759.3076
2026-05-18 19:40:00,2109.74,2117.32,2108.97,2116.66,2727.7272
2026-05-18 19:45:00,2116.65,2125.0,2116.15,2122.45,4383.5726
2026-05-18 19:50:00,2122.46,2128.49,2120.92,2123.26,2826.2634
2026-05-18 19:55:00,2123.26,2126.54,2123.12,2125.07,1803.905
2026-05-18 20:00:00,2125.07,2129.84,2124.3,2124.48,1888.0222
2026-05-18 20:05:00,2124.48,2126.79,2122.89,2125.08,817.2482
2026-05-18 20:10:00,2125.09,2128.62,2125.09,2127.39,942.4784
2026-05-18 20:15:00,2127.39,2128.89,2126.19,2126.48,642.6123
2026-05-18 20:20:00,2126.48,2127.36,2124.77,2127.35,765.8074
2026-05-18 20:25:00,2127.36,2129.42,2126.81,2128.67,470.7454
2026-05-18 20:30:00,2128.67,2131.03,2125.29,2125.29,915.8126
2026-05-18 20:35:00,2125.27,2126.11,2124.09,2124.69,630.5843
2026-05-18 20:40:00,2124.68,2124.69,2122.28,2122.29,901.7248
2026-05-18 20:45:00,2122.29,2122.49,2116.48,2116.61,1225.8882
2026-05-18 20:50:00,2116.62,2119.33,2115.01,2118.53,477.8498
2026-05-18 20:55:00,2118.53,2120.12,2116.49,2117.61,936.9871
2026-05-18 21:00:00,2117.62,2119.17,2114.59,2118.2,827.107
2026-05-18 21:05:00,2118.21,2120.56,2117.07,2120.29,724.012
2026-05-18 21:10:00,2120.29,2124.39,2118.45,2121.7,868.2746
2026-05-18 21:15:00,2121.69,2124.27,2121.69,2124.21,762.462
2026-05-18 21:20:00,2124.21,2126.7,2124.2,2124.76,606.9825
2026-05-18 21:25:00,2124.76,2133.11,2124.39,2130.87,2146.5138
2026-05-18 21:30:00,2130.88,2142.67,2130.88,2134.4,3224.1895
2026-05-18 21:35:00,2134.41,2138.01,2131.63,2136.1,2116.1182
2026-05-18 21:40:00,2136.11,2139.11,2135.23,2137.62,1111.8988
2026-05-18 21:45:00,2137.63,2139.31,2133.39,2133.81,720.7505
2026-05-18 21:50:00,2133.81,2138.03,2133.81,2136.15,656.4058
2026-05-18 21:55:00,2136.16,2138.9,2135.85,2137.38,559.4175
2026-05-18 22:00:00,2137.39,2139.2,2133.17,2135.8,1850.4724
2026-05-18 22:05:00,2135.79,2139.2,2135.79,2137.37,1181.3874
2026-05-18 22:10:00,2137.37,2138.04,2136.04,2136.71,748.0498
2026-05-18 22:15:00,2136.7,2140.42,2135.57,2139.59,1209.5255
2026-05-18 22:20:00,2139.59,2142.57,2139.47,2141.57,1167.534
2026-05-18 22:25:00,2141.57,2141.86,2139.44,2139.66,844.2572
2026-05-18 22:30:00,2139.66,2141.85,2138.73,2138.73,1074.6361
2026-05-18 22:35:00,2138.74,2140.89,2138.74,2140.01,496.3702
2026-05-18 22:40:00,2140.02,2140.1,2134.11,2135.01,1136.7963
2026-05-18 22:45:00,2135.02,2135.02,2131.79,2132.1,1127.3046
2026-05-18 22:50:00,2132.09,2134.48,2130.5,2133.83,1046.465
2026-05-18 22:55:00,2133.83,2136.03,2133.26,2135.74,403.1196
2026-05-18 23:00:00,2135.73,2139.17,2135.38,2138.73,635.6289
2026-05-18 23:05:00,2138.74,2138.74,2136.61,2137.87,276.2374
2026-05-18 23:10:00,2137.88,2137.88,2135.19,2135.2,263.2566
2026-05-18 23:15:00,2135.19,2135.38,2132.95,2133.52,390.5931
2026-05-18 23:20:00,2133.52,2134.5,2132.95,2133.99,732.41
2026-05-18 23:25:00,2134.0,2134.0,2132.84,2132.84,173.4394
2026-05-18 23:30:00,2132.84,2132.84,2130.42,2131.05,450.9018
2026-05-18 23:35:00,2131.04,2133.06,2130.42,2132.89,523.5696
2026-05-18 23:40:00,2132.88,2134.58,2132.75,2134.57,626.6596
2026-05-18 23:45:00,2134.58,2134.58,2128.84,2129.72,495.8483
2026-05-18 23:50:00,2129.72,2130.12,2127.75,2128.98,548.4946
2026-05-18 23:55:00,2128.99,2130.6,2128.98,2130.08,293.4351
2026-05-19 00:00:00,2130.08,2131.38,2128.58,2128.96,832.7066
2026-05-19 00:05:00,2128.96,2132.31,2128.44,2131.2,591.9666
2026-05-19 00:10:00,2131.19,2134.4,2131.19,2132.79,564.1689
2026-05-19 00:15:00,2132.78,2136.58,2131.76,2136.58,538.2367
2026-05-19 00:20:00,2136.58,2146.95,2136.58,2139.04,2392.9955
2026-05-19 00:25:00,2139.04,2140.46,2138.65,2139.73,485.6929
2026-05-19 00:30:00,2139.73,2141.45,2138.9,2139.15,320.091
2026-05-19 00:35:00,2139.14,2140.58,2136.9,2137.56,395.8604
2026-05-19 00:40:00,2137.57,2137.78,2135.49,2137.65,352.5933
2026-05-19 00:45:00,2137.65,2139.62,2136.61,2139.52,383.8365
2026-05-19 00:50:00,2139.51,2142.53,2137.2,2137.57,617.0251
2026-05-19 00:55:00,2137.58,2138.19,2135.82,2135.88,277.5998
2026-05-19 01:00:00,2135.88,2135.99,2132.01,2133.67,699.3017
2026-05-19 01:05:00,2133.68,2136.66,2132.99,2136.66,571.5951
2026-05-19 01:10:00,2136.65,2138.4,2134.99,2135.61,392.5248
2026-05-19 01:15:00,2135.62,2135.92,2130.89,2131.64,726.6221
2026-05-19 01:20:00,2131.63,2131.63,2127.0,2128.01,1156.4419
2026-05-19 01:25:00,2128.0,2128.52,2123.71,2125.82,962.2713
2026-05-19 01:30:00,2125.82,2130.05,2124.16,2129.99,906.5838
2026-05-19 01:35:00,2129.99,2133.0,2129.38,2129.63,917.702
2026-05-19 01:40:00,2129.64,2132.49,2128.92,2131.2,539.2316
2026-05-19 01:45:00,2131.2,2131.33,2125.37,2126.33,584.4883
2026-05-19 01:50:00,2126.33,2128.31,2126.22,2127.11,428.8651
2026-05-19 01:55:00,2127.11,2127.18,2124.92,2124.92,373.1818
2026-05-19 02:00:00,2124.92,2126.56,2118.6,2121.67,1295.0647
2026-05-19 02:05:00,2121.67,2124.89,2120.08,2122.58,570.618
2026-05-19 02:10:00,2122.57,2125.43,2122.38,2125.31,393.4433
2026-05-19 02:15:00,2125.31,2128.63,2123.94,2128.24,917.1212
2026-05-19 02:20:00,2128.25,2135.67,2128.24,2135.46,1092.8413
2026-05-19 02:25:00,2135.46,2135.67,2131.41,2131.42,571.4327
2026-05-19 02:30:00,2131.42,2131.49,2128.34,2128.35,634.8097
2026-05-19 02:35:00,2128.35,2129.18,2125.86,2127.36,443.2223
2026-05-19 02:40:00,2127.35,2127.57,2125.64,2126.36,227.5326
2026-05-19 02:45:00,2126.36,2128.2,2125.0,2126.16,383.7782
2026-05-19 02:50:00,2126.16,2126.9,2122.55,2123.01,577.3193
2026-05-19 02:55:00,2123.0,2124.28,2122.4,2123.31,538.97
2026-05-19 03:00:00,2123.3,2125.0,2122.06,2124.26,267.2933
2026-05-19 03:05:00,2124.25,2126.51,2123.91,2126.24,267.2379
2026-05-19 03:10:00,2126.24,2128.89,2125.54,2128.88,464.1197
2026-05-19 03:15:00,2128.88,2132.9,2128.31,2129.86,754.0163
2026-05-19 03:20:00,2129.87,2130.41,2126.49,2127.37,427.1342
2026-05-19 03:25:00,2127.37,2129.05,2127.37,2128.23,312.553
2026-05-19 03:30:00,2128.24,2130.92,2128.23,2130.88,375.1585
2026-05-19 03:35:00,2130.88,2131.72,2129.97,2131.39,742.2414
2026-05-19 03:40:00,2131.38,2132.73,2130.59,2132.69,507.7049
2026-05-19 03:45:00,2132.69,2133.69,2132.09,2133.38,296.2544
2026-05-19 03:50:00,2133.38,2134.61,2132.1,2133.47,471.0415
2026-05-19 03:55:00,2133.47,2133.47,2130.91,2131.3,122.5395
2026-05-19 04:00:00,2131.3,2133.69,2129.38,2133.53,1215.096
2026-05-19 04:05:00,2133.53,2136.13,2132.34,2135.45,450.7637
2026-05-19 04:10:00,2135.45,2136.65,2135.22,2135.49,253.2879
2026-05-19 04:15:00,2135.49,2135.88,2132.94,2132.95,205.1895
2026-05-19 04:20:00,2132.94,2134.4,2129.73,2129.83,279.1686
2026-05-19 04:25:00,2129.83,2129.83,2128.22,2129.8,439.7871
2026-05-19 04:30:00,2129.81,2131.55,2129.6,2131.02,252.0569
2026-05-19 04:35:00,2131.01,2134.15,2131.01,2132.75,237.3737
2026-05-19 04:40:00,2132.76,2134.47,2132.75,2133.38,158.142
2026-05-19 04:45:00,2133.39,2135.25,2133.39,2134.17,415.5649
2026-05-19 04:50:00,2134.17,2135.28,2133.68,2134.39,293.3359
2026-05-19 04:55:00,2134.4,2134.93,2133.46,2133.88,428.6731
2026-05-19 05:00:00,2133.88,2134.52,2132.33,2134.11,204.6384
2026-05-19 05:05:00,2134.11,2134.46,2132.57,2134.11,291.9759
2026-05-19 05:10:00,2134.11,2134.45,2128.49,2130.98,744.8067
2026-05-19 05:15:00,2130.98,2131.03,2127.05,2127.26,507.6176
2026-05-19 05:20:00,2127.26,2127.79,2123.61,2125.0,597.0399
2026-05-19 05:25:00,2125.01,2130.13,2124.88,2129.88,708.4213
2026-05-19 05:30:00,2129.88,2131.46,2128.5,2130.28,749.0369
2026-05-19 05:35:00,2130.28,2135.03,2129.59,2134.57,698.3059
2026-05-19 05:40:00,2134.56,2136.97,2132.71,2132.88,814.7424
2026-05-19 05:45:00,2132.87,2137.74,2132.38,2136.68,617.0373
2026-05-19 05:50:00,2136.69,2137.45,2135.35,2135.35,367.5671
2026-05-19 05:55:00,2135.35,2136.23,2134.67,2135.21,1083.637
2026-05-19 06:00:00,2135.21,2136.01,2133.97,2135.7,800.1268
2026-05-19 06:05:00,2135.7,2135.73,2133.44,2135.08,386.5873
2026-05-19 06:10:00,2135.09,2136.61,2133.88,2136.23,569.9219
2026-05-19 06:15:00,2136.23,2136.75,2132.71,2133.69,371.0155
2026-05-19 06:20:00,2133.7,2135.55,2133.69,2134.18,263.8162
2026-05-19 06:25:00,2134.18,2137.13,2134.18,2135.25,860.6998
2026-05-19 06:30:00,2135.25,2137.73,2134.97,2136.48,331.0815
2026-05-19 06:35:00,2136.48,2139.52,2134.11,2139.31,788.19
2026-05-19 06:40:00,2139.31,2140.31,2138.38,2139.91,270.1083
2026-05-19 06:45:00,2139.91,2139.91,2137.33,2137.53,420.6612
2026-05-19 06:50:00,2137.52,2138.62,2137.02,2137.3,312.1663
2026-05-19 06:55:00,2137.3,2138.44,2137.08,2137.52,170.0483
2026-05-19 07:00:00,2137.52,2137.52,2135.29,2135.83,212.3331
2026-05-19 07:05:00,2135.82,2141.55,2135.46,2139.04,879.8637
2026-05-19 07:10:00,2139.04,2139.51,2136.15,2138.88,479.0898
2026-05-19 07:15:00,2138.89,2139.91,2137.77,2139.81,291.1609
2026-05-19 07:20:00,2139.82,2140.83,2138.0,2138.0,508.6844
2026-05-19 07:25:00,2138.01,2139.1,2137.1,2138.49,255.2971
2026-05-19 07:30:00,2138.49,2139.62,2138.18,2139.55,397.6632
2026-05-19 07:35:00,2139.55,2141.7,2138.94,2140.78,1348.0252
2026-05-19 07:40:00,2140.78,2143.16,2140.02,2142.23,584.4781
2026-05-19 07:45:00,2142.24,2145.0,2141.79,2143.98,1044.3707
2026-05-19 07:50:00,2143.99,2143.99,2140.27,2140.49,616.8409
2026-05-19 07:55:00,2140.49,2142.42,2140.48,2140.97,497.6402
2026-05-19 08:00:00,2140.97,2141.4,2139.86,2139.94,477.7514
2026-05-19 08:05:00,2139.95,2139.95,2136.69,2137.01,607.5169
2026-05-19 08:10:00,2137.01,2137.22,2133.72,2135.18,868.9537
2026-05-19 08:15:00,2135.17,2137.78,2134.76,2136.85,476.079
2026-05-19 08:20:00,2136.86,2137.79,2133.0,2133.84,408.0935
2026-05-19 08:25:00,2133.84,2134.82,2131.01,2134.14,834.3087
2026-05-19 08:30:00,2134.14,2137.08,2133.28,2136.32,1020.0146
2026-05-19 08:35:00,2136.32,2137.5,2136.31,2136.73,249.8066
2026-05-19 08:40:00,2136.74,2141.29,2136.73,2137.47,624.6235
2026-05-19 08:45:00,2137.46,2138.76,2136.74,2136.75,340.4959
2026-05-19 08:50:00,2136.75,2136.98,2134.93,2135.58,531.9368
2026-05-19 08:55:00,2135.58,2135.58,2133.07,2133.72,634.7699
2026-05-19 09:00:00,2133.72,2134.5,2132.1,2133.64,452.4083
2026-05-19 09:05:00,2133.65,2133.78,2131.87,2132.58,288.087
2026-05-19 09:10:00,2132.59,2133.0,2131.27,2131.99,191.8966
2026-05-19 09:15:00,2131.99,2131.99,2126.84,2127.05,965.4925
2026-05-19 09:20:00,2127.04,2128.34,2122.22,2123.85,1369.0895
2026-05-19 09:25:00,2123.86,2124.81,2114.75,2115.91,3364.6754
2026-05-19 09:30:00,2115.9,2119.02,2112.16,2114.77,2252.0839
2026-05-19 09:35:00,2114.76,2117.96,2114.69,2117.45,613.7194
2026-05-19 09:40:00,2117.45,2117.45,2115.49,2115.88,686.4878
2026-05-19 09:45:00,2115.87,2115.88,2111.25,2115.15,1109.2275
2026-05-19 09:50:00,2115.16,2116.5,2113.68,2114.35,425.529
2026-05-19 09:55:00,2114.36,2115.77,2114.16,2114.49,376.0963
2026-05-19 10:00:00,2114.49,2114.94,2110.97,2112.42,1000.1691
2026-05-19 10:05:00,2112.41,2115.89,2108.98,2114.13,1140.0206
2026-05-19 10:10:00,2114.13,2115.53,2113.12,2115.34,363.7056
2026-05-19 10:15:00,2115.35,2115.35,2113.61,2114.56,493.168
2026-05-19 10:20:00,2114.57,2115.53,2113.0,2115.02,365.4969
2026-05-19 10:25:00,2115.03,2116.5,2115.03,2116.5,391.0194
2026-05-19 10:30:00,2116.49,2121.96,2116.49,2119.58,874.6299
2026-05-19 10:35:00,2119.57,2119.89,2111.64,2115.67,1398.1754
2026-05-19 10:40:00,2115.67,2115.87,2109.22,2109.73,1372.7456
2026-05-19 10:45:00,2109.74,2113.98,2106.77,2113.63,1594.4863
2026-05-19 10:50:00,2113.63,2115.6,2113.63,2114.84,514.3478
2026-05-19 10:55:00,2114.84,2120.45,2114.83,2118.36,895.8119
2026-05-19 11:00:00,2118.37,2119.86,2118.37,2118.89,407.8015
2026-05-19 11:05:00,2118.89,2120.24,2118.06,2120.21,303.1499
2026-05-19 11:10:00,2120.21,2120.22,2117.37,2118.27,652.5798
2026-05-19 11:15:00,2118.27,2119.23,2115.74,2115.87,538.3118
2026-05-19 11:20:00,2115.87,2115.88,2112.99,2113.9,546.1768
2026-05-19 11:25:00,2113.91,2115.01,2113.66,2114.82,241.1123
2026-05-19 11:30:00,2114.82,2115.85,2114.51,2115.28,286.674
2026-05-19 11:35:00,2115.28,2115.47,2112.11,2112.12,403.5007
2026-05-19 11:40:00,2112.12,2112.24,2109.22,2109.41,866.41
2026-05-19 11:45:00,2109.41,2111.94,2109.26,2111.93,555.0114
2026-05-19 11:50:00,2111.93,2112.92,2110.59,2111.51,383.7707
2026-05-19 11:55:00,2111.5,2111.82,2110.13,2110.85,338.2157
2026-05-19 12:00:00,2110.85,2113.23,2108.64,2111.62,750.8559
2026-05-19 12:05:00,2111.63,2112.51,2110.94,2112.51,608.8138
2026-05-19 12:10:00,2112.51,2113.96,2112.15,2113.95,529.0406
2026-05-19 12:15:00,2113.96,2115.28,2113.12,2114.12,507.6986
2026-05-19 12:20:00,2114.13,2116.1,2114.13,2116.09,476.6603
2026-05-19 12:25:00,2116.1,2117.01,2115.52,2117.01,431.9957
2026-05-19 12:30:00,2117.01,2118.69,2117.0,2117.36,472.0915
2026-05-19 12:35:00,2117.37,2118.37,2116.79,2117.52,530.4724
2026-05-19 12:40:00,2117.52,2119.35,2116.72,2117.63,542.9307
2026-05-19 12:45:00,2117.64,2118.77,2116.94,2118.37,347.4977
2026-05-19 12:50:00,2118.38,2119.16,2117.73,2118.9,350.0666
2026-05-19 12:55:00,2118.9,2119.25,2118.49,2118.49,274.5317
2026-05-19 13:00:00,2118.5,2119.73,2117.8,2118.0,516.6278
2026-05-19 13:05:00,2117.99,2117.99,2111.1,2114.47,1680.9252
2026-05-19 13:10:00,2114.47,2116.65,2113.4,2114.67,638.6448
2026-05-19 13:15:00,2114.67,2114.83,2111.81,2111.81,560.7012
2026-05-19 13:20:00,2111.81,2113.7,2109.0,2112.79,1498.3191
2026-05-19 13:25:00,2112.79,2112.79,2107.65,2108.05,931.3234
2026-05-19 13:30:00,2108.06,2118.67,2107.7,2118.28,2328.8998
2026-05-19 13:35:00,2118.29,2127.53,2116.1,2121.45,3303.8097
2026-05-19 13:40:00,2121.44,2121.44,2112.79,2112.8,1955.4189
2026-05-19 13:45:00,2112.8,2122.49,2112.63,2119.69,2338.7361
2026-05-19 13:50:00,2119.68,2124.04,2118.1,2123.88,962.4925
2026-05-19 13:55:00,2123.88,2125.44,2118.61,2119.03,992.1019
2026-05-19 14:00:00,2119.02,2123.6,2113.99,2123.37,1820.9691
2026-05-19 14:05:00,2123.37,2123.55,2110.51,2113.48,2801.9832
2026-05-19 14:10:00,2113.49,2116.42,2110.35,2110.36,1452.6207
2026-05-19 14:15:00,2110.35,2111.71,2104.24,2108.37,2704.956
2026-05-19 14:20:00,2108.38,2108.9,2098.58,2103.98,4351.208
2026-05-19 14:25:00,2103.98,2110.52,2102.47,2107.1,2253.9875
2026-05-19 14:30:00,2107.1,2108.81,2100.5,2101.82,1640.1134
2026-05-19 14:35:00,2101.81,2110.33,2101.81,2108.94,1340.4417
2026-05-19 14:40:00,2108.95,2112.02,2106.04,2106.78,1064.0737
2026-05-19 14:45:00,2106.78,2107.64,2094.47,2099.99,2469.9112
2026-05-19 14:50:00,2100.0,2102.44,2098.92,2101.52,936.4212
2026-05-19 14:55:00,2101.53,2107.04,2101.53,2106.55,874.1442
2026-05-19 15:00:00,2106.54,2110.67,2104.52,2110.56,1368.8378
2026-05-19 15:05:00,2110.57,2111.48,2106.8,2108.25,654.4127
2026-05-19 15:10:00,2108.24,2110.2,2107.94,2110.19,490.8309
2026-05-19 15:15:00,2110.2,2112.8,2109.06,2109.06,818.4268
2026-05-19 15:20:00,2109.06,2109.15,2104.11,2104.11,765.7789
2026-05-19 15:25:00,2104.12,2106.57,2103.58,2106.52,573.2957
2026-05-19 15:30:00,2106.51,2113.42,2105.84,2111.72,1391.0971
2026-05-19 15:35:00,2111.71,2112.14,2108.98,2112.03,568.2432
2026-05-19 15:40:00,2112.04,2112.04,2108.06,2109.89,549.1698
2026-05-19 15:45:00,2109.89,2111.35,2108.07,2110.9,510.6488
2026-05-19 15:50:00,2110.91,2112.24,2109.27,2109.62,507.0251
2026-05-19 15:55:00,2109.61,2110.19,2107.35,2110.19,440.0854
2026-05-19 16:00:00,2110.2,2112.16,2110.2,2110.42,587.7743
2026-05-19 16:05:00,2110.42,2111.75,2107.61,2107.77,742.0541
2026-05-19 16:10:00,2107.77,2109.61,2107.12,2108.07,541.2903
2026-05-19 16:15:00,2108.07,2111.65,2108.07,2110.48,477.6453
2026-05-19 16:20:00,2110.48,2111.89,2109.99,2111.59,353.6753
2026-05-19 16:25:00,2111.6,2112.64,2111.34,2112.16,465.3279
2026-05-19 16:30:00,2112.16,2116.97,2112.07,2116.24,1271.122
2026-05-19 16:35:00,2116.25,2117.67,2114.29,2115.02,384.4201
2026-05-19 16:40:00,2115.03,2118.04,2115.0,2118.04,273.5487
2026-05-19 16:45:00,2118.05,2118.59,2116.62,2117.49,604.8786
2026-05-19 16:50:00,2117.5,2121.96,2117.05,2120.58,658.3307
2026-05-19 16:55:00,2120.58,2122.45,2120.34,2121.12,485.503
2026-05-19 17:00:00,2121.11,2123.37,2120.11,2123.36,762.1284
2026-05-19 17:05:00,2123.36,2123.37,2120.05,2120.29,356.9072
2026-05-19 17:10:00,2120.3,2122.92,2119.31,2122.91,585.1776
2026-05-19 17:15:00,2122.91,2124.65,2122.39,2124.55,455.6132
2026-05-19 17:20:00,2124.56,2125.07,2121.8,2122.28,716.4686
2026-05-19 17:25:00,2122.28,2122.28,2119.11,2119.6,528.8195
2026-05-19 17:30:00,2119.59,2120.32,2114.54,2114.6,970.874
2026-05-19 17:35:00,2114.6,2119.5,2113.91,2119.33,563.7574
2026-05-19 17:40:00,2119.33,2120.59,2116.96,2116.99,361.984
2026-05-19 17:45:00,2116.99,2116.99,2112.92,2115.35,583.7731
2026-05-19 17:50:00,2115.36,2116.3,2114.2,2115.0,239.1028
2026-05-19 17:55:00,2115.0,2116.4,2114.6,2115.75,249.2206
2026-05-19 18:00:00,2115.75,2116.02,2113.86,2114.33,325.9894
2026-05-19 18:05:00,2114.34,2118.37,2114.34,2117.73,276.0313
2026-05-19 18:10:00,2117.72,2119.06,2117.51,2117.95,480.0573
2026-05-19 18:15:00,2117.95,2119.21,2116.42,2119.21,372.4418
2026-05-19 18:20:00,2119.22,2119.62,2114.0,2114.35,1079.5443
2026-05-19 18:25:00,2114.35,2114.51,2111.72,2112.66,493.6618
2026-05-19 18:30:00,2112.66,2115.83,2110.74,2114.83,374.6315
2026-05-19 18:35:00,2114.83,2116.52,2114.83,2116.19,412.5543
2026-05-19 18:40:00,2116.19,2116.19,2114.67,2115.58,269.7053
2026-05-19 18:45:00,2115.58,2117.58,2115.27,2116.83,357.9297
2026-05-19 18:50:00,2116.83,2117.44,2116.24,2116.89,203.7783
2026-05-19 18:55:00,2116.88,2116.88,2113.78,2115.28,372.1698
2026-05-19 19:00:00,2115.27,2117.67,2115.27,2117.15,397.9807
2026-05-19 19:05:00,2117.15,2120.78,2116.94,2120.51,478.7086
2026-05-19 19:10:00,2120.51,2122.39,2119.85,2122.39,523.8521
2026-05-19 19:15:00,2122.39,2123.16,2119.06,2119.06,370.283
2026-05-19 19:20:00,2119.05,2119.06,2116.62,2116.63,630.9878
2026-05-19 19:25:00,2116.62,2116.63,2111.61,2112.52,1030.2587
2026-05-19 19:30:00,2112.52,2115.94,2110.14,2114.94,887.619
2026-05-19 19:35:00,2114.94,2115.51,2113.99,2114.96,260.2478
2026-05-19 19:40:00,2114.97,2115.15,2113.73,2114.12,295.6717
2026-05-19 19:45:00,2114.12,2114.72,2112.61,2113.48,706.7674
2026-05-19 19:50:00,2113.47,2114.3,2111.89,2111.89,454.1423
2026-05-19 19:55:00,2111.88,2113.15,2110.75,2113.15,400.4514
2026-05-19 20:00:00,2113.14,2114.44,2112.41,2113.27,186.5749
2026-05-19 20:05:00,2113.27,2116.38,2113.27,2116.37,165.9919
2026-05-19 20:10:00,2116.38,2116.82,2115.41,2115.41,154.964
2026-05-19 20:15:00,2115.41,2115.76,2114.92,2114.94,168.2475
2026-05-19 20:20:00,2114.94,2115.3,2114.56,2115.2,89.3298
2026-05-19 20:25:00,2115.19,2116.3,2115.05,2115.61,164.2976
2026-05-19 20:30:00,2115.61,2116.66,2115.37,2116.06,131.9107
2026-05-19 20:35:00,2116.06,2118.23,2116.06,2117.46,212.1359
2026-05-19 20:40:00,2117.46,2117.46,2116.06,2116.22,506.095
2026-05-19 20:45:00,2116.22,2118.79,2116.21,2117.88,171.6582
2026-05-19 20:50:00,2117.87,2118.42,2117.75,2118.42,108.7967
2026-05-19 20:55:00,2118.41,2118.82,2118.25,2118.39,302.1858
2026-05-19 21:00:00,2118.38,2118.77,2117.85,2117.87,175.1494
2026-05-19 21:05:00,2117.87,2118.01,2116.69,2117.05,215.4616
2026-05-19 21:10:00,2117.06,2120.59,2117.06,2119.51,390.8544
2026-05-19 21:15:00,2119.51,2120.13,2118.12,2118.46,623.0216
2026-05-19 21:20:00,2118.46,2118.94,2118.24,2118.93,98.6371
2026-05-19 21:25:00,2118.93,2119.59,2117.77,2118.47,503.8063
2026-05-19 21:30:00,2118.47,2120.45,2118.47,2120.45,105.6185
2026-05-19 21:35:00,2120.45,2120.45,2119.12,2119.87,249.6761
2026-05-19 21:40:00,2119.88,2120.08,2118.28,2118.42,246.7913
2026-05-19 21:45:00,2118.42,2119.81,2118.36,2118.73,229.1798
2026-05-19 21:50:00,2118.73,2119.73,2118.73,2118.98,127.723
2026-05-19 21:55:00,2118.99,2119.27,2116.87,2116.97,448.616
2026-05-19 22:00:00,2116.97,2116.97,2110.5,2112.09,1201.5963
2026-05-19 22:05:00,2112.09,2113.09,2111.18,2111.32,338.4519
2026-05-19 22:10:00,2111.32,2112.06,2109.42,2109.6,853.6266
2026-05-19 22:15:00,2109.59,2109.78,2106.33,2109.13,944.5218
2026-05-19 22:20:00,2109.13,2109.6,2104.8,2104.94,689.4814
2026-05-19 22:25:00,2104.94,2105.1,2103.38,2104.3,747.699
2026-05-19 22:30:00,2104.3,2108.24,2102.09,2108.1,1057.6144
2026-05-19 22:35:00,2108.08,2108.08,2105.67,2106.07,331.4641
2026-05-19 22:40:00,2106.07,2108.1,2106.07,2107.58,249.1114
2026-05-19 22:45:00,2107.57,2108.28,2106.45,2108.09,197.0971
2026-05-19 22:50:00,2108.1,2108.1,2106.56,2107.51,418.7154
2026-05-19 22:55:00,2107.51,2107.74,2106.34,2106.4,151.5938
2026-05-19 23:00:00,2106.4,2107.57,2104.66,2107.32,402.9769
2026-05-19 23:05:00,2107.32,2109.51,2106.55,2109.51,341.6327
2026-05-19 23:10:00,2109.51,2112.18,2109.5,2111.16,500.6163
2026-05-19 23:15:00,2111.16,2113.62,2110.93,2113.03,501.8821
2026-05-19 23:20:00,2113.03,2114.27,2112.61,2114.27,264.0005
2026-05-19 23:25:00,2114.26,2116.35,2114.04,2115.85,344.5368
2026-05-19 23:30:00,2115.86,2118.68,2114.93,2118.36,609.5757
2026-05-19 23:35:00,2118.36,2118.36,2116.38,2117.31,421.0576
2026-05-19 23:40:00,2117.31,2117.31,2115.0,2115.62,472.8352
2026-05-19 23:45:00,2115.63,2115.7,2112.57,2114.68,513.9711
2026-05-19 23:50:00,2114.68,2114.92,2112.98,2113.04,263.6153
2026-05-19 23:55:00,2113.04,2113.05,2111.51,2111.93,362.6769
2026-05-20 00:00:00,2111.93,2114.11,2110.53,2112.54,489.5132
2026-05-20 00:05:00,2112.55,2112.66,2108.98,2109.66,507.1291
2026-05-20 00:10:00,2109.66,2109.66,2104.96,2104.96,512.6064
2026-05-20 00:15:00,2104.97,2107.25,2103.3,2105.7,733.4292
2026-05-20 00:20:00,2105.7,2107.24,2103.87,2105.31,433.1967
2026-05-20 00:25:00,2105.31,2109.02,2105.3,2108.96,260.8834
2026-05-20 00:30:00,2108.97,2115.95,2107.18,2109.5,1222.8584
2026-05-20 00:35:00,2109.5,2110.96,2107.98,2109.38,496.1429
2026-05-20 00:40:00,2109.38,2111.37,2108.4,2110.17,304.4656
2026-05-20 00:45:00,2110.17,2111.87,2109.13,2111.34,502.8069
2026-05-20 00:50:00,2111.35,2112.36,2109.54,2111.29,269.1043
2026-05-20 00:55:00,2111.29,2111.89,2110.22,2111.29,247.3818
2026-05-20 01:00:00,2111.29,2112.63,2108.36,2112.07,385.9557
2026-05-20 01:05:00,2112.06,2114.86,2109.16,2114.59,570.0966
2026-05-20 01:10:00,2114.59,2116.94,2113.34,2115.42,533.0624
2026-05-20 01:15:00,2115.41,2115.41,2112.76,2114.49,271.3824
2026-05-20 01:20:00,2114.49,2115.0,2111.43,2111.65,369.733
2026-05-20 01:25:00,2111.65,2112.0,2103.29,2103.83,1146.7256
2026-05-20 01:30:00,2103.84,2109.48,2103.42,2107.2,713.3192
2026-05-20 01:35:00,2107.19,2108.14,2104.48,2107.76,532.5895
2026-05-20 01:40:00,2107.76,2107.76,2104.73,2107.1,392.4086
2026-05-20 01:45:00,2107.1,2110.61,2106.36,2110.56,471.7437
2026-05-20 01:50:00,2110.57,2119.24,2110.57,2114.5,1294.0001
2026-05-20 01:55:00,2114.5,2116.6,2114.02,2115.28,297.777
2026-05-20 02:00:00,2115.28,2116.26,2112.91,2114.25,298.0632
2026-05-20 02:05:00,2114.26,2115.48,2113.38,2113.38,197.6971
2026-05-20 02:10:00,2113.37,2113.62,2111.47,2113.53,313.9825
2026-05-20 02:15:00,2113.54,2114.83,2112.28,2113.8,179.0958
2026-05-20 02:20:00,2113.79,2117.14,2113.78,2115.74,280.8524
2026-05-20 02:25:00,2115.74,2115.85,2112.35,2112.36,256.4329
2026-05-20 02:30:00,2112.35,2112.36,2106.01,2109.99,706.5341
2026-05-20 02:35:00,2110.0,2110.0,2107.89,2108.43,277.3305
2026-05-20 02:40:00,2108.44,2109.54,2107.42,2107.43,114.8393
2026-05-20 02:45:00,2107.42,2110.09,2106.71,2107.97,279.3516
2026-05-20 02:50:00,2107.96,2109.01,2106.5,2108.44,154.2398
2026-05-20 02:55:00,2108.45,2109.89,2107.45,2109.43,136.2643
2026-05-20 03:00:00,2109.42,2109.42,2106.42,2106.57,298.6235
2026-05-20 03:05:00,2106.57,2108.58,2106.1,2108.17,271.4371
2026-05-20 03:10:00,2108.17,2108.39,2107.42,2107.75,132.6832
2026-05-20 03:15:00,2107.75,2110.28,2107.59,2110.01,282.1948
2026-05-20 03:20:00,2110.0,2111.83,2110.0,2110.29,170.324
2026-05-20 03:25:00,2110.3,2116.3,2110.3,2115.29,711.2257
2026-05-20 03:30:00,2115.3,2115.3,2112.71,2114.09,331.7485
2026-05-20 03:35:00,2114.09,2114.83,2113.44,2114.23,192.5858
2026-05-20 03:40:00,2114.23,2114.23,2111.73,2112.4,259.3802
2026-05-20 03:45:00,2112.4,2112.4,2110.52,2111.01,220.42
2026-05-20 03:50:00,2111.01,2111.68,2110.45,2111.13,145.7656
2026-05-20 03:55:00,2111.13,2112.66,2111.13,2111.6,145.0959
2026-05-20 04:00:00,2111.6,2114.41,2111.6,2113.27,309.0688
2026-05-20 04:05:00,2113.27,2114.14,2112.99,2113.73,300.0207
2026-05-20 04:10:00,2113.73,2114.71,2112.25,2114.59,371.564
2026-05-20 04:15:00,2114.59,2114.7,2113.68,2113.9,214.9701
2026-05-20 04:20:00,2113.89,2113.99,2113.04,2113.98,192.8208
2026-05-20 04:25:00,2113.99,2114.78,2112.65,2113.0,511.2007
2026-05-20 04:30:00,2113.0,2113.29,2111.56,2111.81,190.8635
2026-05-20 04:35:00,2111.8,2111.81,2107.3,2109.92,1098.6434
2026-05-20 04:40:00,2109.92,2111.32,2109.6,2110.82,236.6001
2026-05-20 04:45:00,2110.82,2112.94,2110.81,2111.59,161.4555
2026-05-20 04:50:00,2111.6,2112.85,2111.6,2112.85,200.2611
2026-05-20 04:55:00,2112.86,2113.21,2112.37,2113.2,72.3809
2026-05-20 05:00:00,2113.2,2117.92,2113.2,2116.87,2661.0599
2026-05-20 05:05:00,2116.88,2123.95,2116.07,2123.21,2725.3533
2026-05-20 05:10:00,2123.21,2127.01,2122.08,2124.58,2483.6726
2026-05-20 05:15:00,2124.59,2125.47,2122.15,2124.21,842.4949
2026-05-20 05:20:00,2124.21,2125.66,2122.59,2123.7,656.7116
2026-05-20 05:25:00,2123.71,2124.34,2122.78,2124.22,750.261
2026-05-20 05:30:00,2124.23,2130.24,2124.23,2126.38,1725.9234
2026-05-20 05:35:00,2126.38,2129.0,2126.38,2129.0,481.8332
2026-05-20 05:40:00,2129.0,2130.38,2126.33,2126.33,589.7261
2026-05-20 05:45:00,2126.34,2127.14,2124.76,2125.7,479.9707
2026-05-20 05:50:00,2125.69,2127.06,2125.49,2126.15,374.4668
2026-05-20 05:55:00,2126.15,2126.47,2124.76,2125.63,438.5341
2026-05-20 06:00:00,2125.63,2127.91,2125.62,2126.71,264.6785
2026-05-20 06:05:00,2126.71,2127.99,2126.53,2127.21,320.4921
2026-05-20 06:10:00,2127.21,2127.59,2126.68,2127.12,228.2716
2026-05-20 06:15:00,2127.13,2130.73,2127.13,2130.73,398.7427
2026-05-20 06:20:00,2130.72,2133.0,2128.7,2132.51,1860.2695
2026-05-20 06:25:00,2132.5,2132.5,2129.16,2129.41,3122.6186
2026-05-20 06:30:00,2129.41,2130.85,2128.51,2128.52,652.7755
2026-05-20 06:35:00,2128.51,2131.74,2126.83,2131.28,844.6366
2026-05-20 06:40:00,2131.28,2131.5,2129.59,2131.5,286.6381
2026-05-20 06:45:00,2131.5,2132.2,2129.26,2132.19,380.5727
2026-05-20 06:50:00,2132.2,2134.41,2131.56,2132.58,1094.711
2026-05-20 06:55:00,2132.59,2134.29,2132.34,2133.75,600.9469
2026-05-20 07:00:00,2133.76,2134.5,2130.46,2131.43,545.542
2026-05-20 07:05:00,2131.44,2133.01,2130.31,2132.89,501.1122
2026-05-20 07:10:00,2132.89,2133.6,2131.66,2131.66,369.1953
2026-05-20 07:15:00,2131.67,2131.67,2129.84,2130.75,237.6196
2026-05-20 07:20:00,2130.75,2136.5,2130.75,2135.76,1589.418
2026-05-20 07:25:00,2135.75,2135.98,2132.75,2134.37,1333.6152
2026-05-20 07:30:00,2134.37,2134.37,2131.85,2133.36,498.4779
2026-05-20 07:35:00,2133.36,2133.55,2132.19,2133.48,330.6832
2026-05-20 07:40:00,2133.47,2134.79,2133.0,2133.07,313.2907
2026-05-20 07:45:00,2133.06,2133.34,2130.35,2130.35,503.4404
2026-05-20 07:50:00,2130.35,2130.51,2128.51,2130.51,466.9884
2026-05-20 07:55:00,2130.51,2130.53,2129.38,2129.74,299.6955
2026-05-20 08:00:00,2129.75,2130.84,2129.05,2130.84,678.6198
2026-05-20 08:05:00,2130.84,2132.5,2129.33,2129.34,807.9949
2026-05-20 08:10:00,2129.34,2130.7,2128.87,2130.26,403.914
2026-05-20 08:15:00,2130.26,2131.52,2130.11,2131.52,247.7477
2026-05-20 08:20:00,2131.52,2131.64,2128.91,2130.93,302.9226
2026-05-20 08:25:00,2130.94,2131.93,2130.51,2131.49,837.4835
2026-05-20 08:30:00,2131.49,2133.69,2131.49,2132.16,603.1785
2026-05-20 08:35:00,2132.16,2138.0,2131.35,2137.2,1453.7431
2026-05-20 08:40:00,2137.19,2138.0,2133.9,2136.65,1275.5467
2026-05-20 08:45:00,2136.65,2137.0,2134.23,2134.25,624.5142
2026-05-20 08:50:00,2134.25,2134.99,2132.44,2132.86,486.8321
2026-05-20 08:55:00,2132.86,2132.86,2131.36,2131.91,393.1391
2026-05-20 09:00:00,2131.91,2132.57,2130.76,2131.47,356.6372
2026-05-20 09:05:00,2131.46,2131.46,2128.53,2129.57,832.4321
2026-05-20 09:10:00,2129.56,2130.56,2128.99,2129.48,321.4192
2026-05-20 09:15:00,2129.48,2130.23,2127.7,2130.17,352.2886
2026-05-20 09:20:00,2130.18,2131.12,2129.81,2129.81,388.4776
2026-05-20 09:25:00,2129.82,2132.13,2129.55,2131.64,307.6478
2026-05-20 09:30:00,2131.64,2133.0,2131.34,2131.79,320.4715
2026-05-20 09:35:00,2131.8,2132.2,2131.07,2131.87,175.5928
2026-05-20 09:40:00,2131.87,2132.78,2131.04,2131.05,258.3236
2026-05-20 09:45:00,2131.05,2131.05,2129.66,2129.92,258.1581
2026-05-20 09:50:00,2129.93,2130.13,2128.87,2129.47,285.5182
2026-05-20 09:55:00,2129.47,2130.14,2128.5,2129.36,480.4476
2026-05-20 10:00:00,2129.36,2132.84,2129.36,2131.41,413.4044
2026-05-20 10:05:00,2131.41,2134.18,2131.41,2132.2,671.2036
2026-05-20 10:10:00,2132.2,2132.62,2131.07,2132.49,192.7318
2026-05-20 10:15:00,2132.49,2132.49,2131.58,2131.9,126.035
2026-05-20 10:20:00,2131.9,2134.12,2131.9,2133.62,545.1472
2026-05-20 10:25:00,2133.62,2133.81,2131.94,2133.34,319.4681
2026-05-20 10:30:00,2133.33,2135.97,2132.81,2135.96,881.892
2026-05-20 10:35:00,2135.97,2137.02,2134.11,2134.11,494.4652
2026-05-20 10:40:00,2134.1,2134.11,2132.18,2132.59,326.0228
2026-05-20 10:45:00,2132.6,2133.64,2132.09,2132.49,322.1644
2026-05-20 10:50:00,2132.49,2132.49,2131.25,2132.17,355.939
2026-05-20 10:55:00,2132.18,2132.27,2130.81,2130.82,158.4955
2026-05-20 11:00:00,2130.82,2131.66,2129.78,2130.48,355.2572
2026-05-20 11:05:00,2130.48,2132.24,2130.47,2130.51,185.6181
2026-05-20 11:10:00,2130.52,2131.21,2129.59,2129.59,180.2804
2026-05-20 11:15:00,2129.59,2130.69,2129.59,2129.91,222.5708
2026-05-20 11:20:00,2129.9,2130.52,2129.23,2129.75,334.2991
2026-05-20 11:25:00,2129.76,2129.76,2128.09,2128.11,374.6507
2026-05-20 11:30:00,2128.11,2129.88,2127.55,2129.88,441.4982
2026-05-20 11:35:00,2129.88,2130.48,2128.69,2129.4,421.1781
2026-05-20 11:40:00,2129.4,2129.41,2125.0,2126.53,1189.3156
2026-05-20 11:45:00,2126.53,2128.06,2125.84,2125.92,369.5483
2026-05-20 11:50:00,2125.91,2127.27,2124.28,2127.27,566.5488
2026-05-20 11:55:00,2127.26,2128.48,2126.83,2128.3,282.6399
2026-05-20 12:00:00,2128.31,2131.03,2127.02,2130.89,639.7171
2026-05-20 12:05:00,2130.9,2132.31,2130.53,2130.96,522.943
2026-05-20 12:10:00,2130.96,2131.33,2130.31,2130.88,120.127
2026-05-20 12:15:00,2130.89,2131.24,2130.32,2130.32,185.2781
2026-05-20 12:20:00,2130.32,2130.32,2127.36,2129.41,305.4475
2026-05-20 12:25:00,2129.41,2133.13,2129.4,2131.14,940.8156
2026-05-20 12:30:00,2131.13,2133.48,2131.13,2133.13,535.4626
2026-05-20 12:35:00,2133.13,2133.17,2132.11,2133.03,275.9775
2026-05-20 12:40:00,2133.03,2133.04,2131.2,2132.03,187.2559
2026-05-20 12:45:00,2132.03,2134.53,2131.44,2134.22,737.5552
2026-05-20 12:50:00,2134.21,2135.23,2133.28,2135.17,368.511
2026-05-20 12:55:00,2135.16,2140.0,2134.01,2134.01,1023.273
2026-05-20 13:00:00,2134.02,2135.73,2133.89,2134.38,376.4091
2026-05-20 13:05:00,2134.38,2134.73,2132.54,2132.55,405.482
2026-05-20 13:10:00,2132.54,2132.54,2130.35,2131.13,319.352
2026-05-20 13:15:00,2131.14,2131.22,2128.84,2130.38,811.71
2026-05-20 13:20:00,2130.38,2131.5,2130.04,2130.64,240.4496
2026-05-20 13:25:00,2130.64,2130.64,2124.71,2126.74,1864.8847
2026-05-20 13:30:00,2126.74,2128.02,2124.27,2126.31,1828.6196
2026-05-20 13:35:00,2126.3,2126.3,2115.69,2120.15,3767.1613
2026-05-20 13:40:00,2120.15,2122.82,2118.19,2121.15,2258.8859
2026-05-20 13:45:00,2121.15,2128.6,2121.15,2124.12,1880.7515
2026-05-20 13:50:00,2124.12,2125.52,2120.92,2121.08,1306.3013
2026-05-20 13:55:00,2121.08,2121.08,2117.67,2120.61,1349.0539
2026-05-20 14:00:00,2120.62,2122.79,2119.01,2120.18,714.3351
2026-05-20 14:05:00,2120.18,2122.59,2118.0,2120.42,617.7875
2026-05-20 14:10:00,2120.42,2126.3,2113.87,2122.69,2701.7741
2026-05-20 14:15:00,2122.7,2139.63,2122.7,2133.69,4182.4566
2026-05-20 14:20:00,2133.69,2135.99,2127.75,2129.15,1536.6408
2026-05-20 14:25:00,2129.15,2132.63,2127.75,2131.31,811.8616
2026-05-20 14:30:00,2131.32,2136.72,2131.32,2131.9,1557.2337
2026-05-20 14:35:00,2131.9,2133.07,2128.64,2130.05,1624.1452
2026-05-20 14:40:00,2130.05,2133.53,2129.33,2133.53,943.0853
2026-05-20 14:45:00,2133.53,2138.44,2133.53,2134.0,2005.8549
2026-05-20 14:50:00,2134.01,2138.57,2132.66,2137.05,1936.876
2026-05-20 14:55:00,2137.05,2138.27,2135.25,2135.25,879.9467
2026-05-20 15:00:00,2135.24,2136.01,2131.55,2131.66,820.5263
2026-05-20 15:05:00,2131.66,2132.97,2130.92,2132.67,350.8325
2026-05-20 15:10:00,2132.68,2132.68,2129.02,2129.67,616.4375
2026-05-20 15:15:00,2129.67,2149.0,2129.67,2142.21,7655.8422
2026-05-20 15:20:00,2142.22,2146.24,2140.75,2141.24,1312.1903
2026-05-20 15:25:00,2141.23,2141.25,2137.35,2138.99,1083.4688
2026-05-20 15:30:00,2138.99,2140.98,2138.01,2139.08,599.1443
2026-05-20 15:35:00,2139.08,2140.02,2135.87,2135.87,851.1326
2026-05-20 15:40:00,2135.88,2136.11,2132.79,2135.69,793.0289
2026-05-20 15:45:00,2135.68,2140.73,2135.68,2139.47,1232.2397
2026-05-20 15:50:00,2139.47,2139.85,2136.31,2136.95,987.5767
2026-05-20 15:55:00,2136.95,2138.36,2134.21,2136.75,851.142
2026-05-20 16:00:00,2136.76,2140.51,2136.69,2137.78,923.3268
2026-05-20 16:05:00,2137.78,2139.81,2136.92,2139.61,554.1922
2026-05-20 16:10:00,2139.62,2140.19,2137.73,2138.18,349.3315
2026-05-20 16:15:00,2138.17,2138.17,2133.97,2135.37,469.1245
2026-05-20 16:20:00,2135.36,2135.36,2129.49,2131.7,1498.521
2026-05-20 16:25:00,2131.69,2131.69,2124.1,2127.0,1580.1068
2026-05-20 16:30:00,2127.0,2131.07,2125.21,2130.86,724.2969
2026-05-20 16:35:00,2130.85,2133.84,2129.59,2132.23,533.4645
2026-05-20 16:40:00,2132.23,2136.26,2131.76,2135.52,849.1633
2026-05-20 16:45:00,2135.53,2137.78,2134.1,2136.36,791.543
2026-05-20 16:50:00,2136.36,2137.67,2133.55,2133.97,551.0643
2026-05-20 16:55:00,2133.96,2136.03,2133.16,2135.46,513.4931
2026-05-20 17:00:00,2135.46,2136.18,2132.84,2132.84,722.2532
2026-05-20 17:05:00,2132.85,2134.67,2132.14,2134.66,304.3433
2026-05-20 17:10:00,2134.66,2140.88,2134.14,2138.97,1739.2944
2026-05-20 17:15:00,2138.97,2142.92,2137.24,2142.9,894.0912
2026-05-20 17:20:00,2142.89,2144.42,2142.11,2144.41,1392.8052
2026-05-20 17:25:00,2144.41,2148.7,2143.47,2145.3,1418.8161
2026-05-20 17:30:00,2145.3,2146.69,2141.98,2142.97,785.1953
2026-05-20 17:35:00,2142.98,2148.77,2142.98,2144.61,1287.7156
2026-05-20 17:40:00,2144.6,2145.0,2142.67,2144.63,430.1551
2026-05-20 17:45:00,2144.63,2146.05,2141.55,2142.99,926.8356
2026-05-20 17:50:00,2142.99,2143.08,2140.05,2140.11,487.1249
2026-05-20 17:55:00,2140.11,2140.83,2139.81,2140.5,390.4827
2026-05-20 18:00:00,2140.5,2140.95,2137.65,2139.84,727.9549
2026-05-20 18:05:00,2139.84,2139.85,2138.16,2139.12,505.4215
2026-05-20 18:10:00,2139.13,2139.13,2137.0,2137.91,783.3689
2026-05-20 18:15:00,2137.91,2140.42,2137.53,2139.57,441.2071
2026-05-20 18:20:00,2139.56,2140.09,2135.34,2135.6,696.8664
2026-05-20 18:25:00,2135.61,2135.96,2133.54,2135.74,679.0419
2026-05-20 18:30:00,2135.74,2136.67,2133.99,2136.61,238.1899
2026-05-20 18:35:00,2136.6,2137.48,2135.9,2136.51,378.563
2026-05-20 18:40:00,2136.5,2136.62,2134.45,2134.76,348.8693
2026-05-20 18:45:00,2134.75,2134.94,2131.3,2132.95,767.8771
2026-05-20 18:50:00,2132.95,2132.96,2131.94,2132.04,242.9516
2026-05-20 18:55:00,2132.03,2133.01,2131.89,2132.1,213.1371
2026-05-20 19:00:00,2132.1,2133.69,2129.71,2129.73,473.8926
2026-05-20 19:05:00,2129.73,2131.69,2129.11,2131.69,821.0029
2026-05-20 19:10:00,2131.69,2132.24,2131.6,2131.94,155.9898
2026-05-20 19:15:00,2131.93,2135.83,2131.04,2135.33,579.4806
2026-05-20 19:20:00,2135.34,2137.05,2135.34,2136.45,495.8746
2026-05-20 19:25:00,2136.44,2137.63,2136.17,2137.62,430.5562
2026-05-20 19:30:00,2137.63,2138.96,2136.79,2137.91,412.3786
2026-05-20 19:35:00,2137.9,2141.45,2136.9,2139.2,972.3544
2026-05-20 19:40:00,2139.21,2141.0,2139.2,2140.22,483.4918
2026-05-20 19:45:00,2140.22,2141.17,2138.78,2140.25,225.3261
2026-05-20 19:50:00,2140.24,2140.24,2137.55,2139.63,363.2743
2026-05-20 19:55:00,2139.64,2140.45,2138.67,2139.12,601.8529
2026-05-20 20:00:00,2139.12,2139.5,2135.72,2137.37,288.211
2026-05-20 20:05:00,2137.38,2137.91,2136.35,2137.7,332.3352
2026-05-20 20:10:00,2137.7,2140.76,2137.7,2140.25,288.3585
2026-05-20 20:15:00,2140.25,2140.5,2135.98,2137.15,669.7214
2026-05-20 20:20:00,2137.14,2137.14,2129.51,2135.14,1500.9869
2026-05-20 20:25:00,2135.13,2136.57,2133.15,2136.57,276.3829
2026-05-20 20:30:00,2136.57,2137.02,2133.83,2134.24,244.7295
2026-05-20 20:35:00,2134.25,2135.5,2133.87,2134.01,134.8074
2026-05-20 20:40:00,2134.01,2136.7,2134.0,2135.57,414.0111
2026-05-20 20:45:00,2135.57,2137.03,2134.54,2136.31,295.1505
2026-05-20 20:50:00,2136.31,2136.97,2135.83,2135.92,215.2722
2026-05-20 20:55:00,2135.92,2137.03,2135.86,2135.93,297.8827
2026-05-20 21:00:00,2135.92,2137.78,2134.0,2137.42,156.8243
2026-05-20 21:05:00,2137.41,2137.42,2136.48,2136.93,99.3955
2026-05-20 21:10:00,2136.93,2138.59,2136.93,2137.78,174.4107
2026-05-20 21:15:00,2137.77,2137.93,2134.72,2134.72,348.4405
2026-05-20 21:20:00,2134.73,2134.94,2133.32,2134.94,216.2193
2026-05-20 21:25:00,2134.95,2135.19,2133.02,2133.05,174.7709
2026-05-20 21:30:00,2133.04,2133.19,2132.48,2133.14,127.5731
2026-05-20 21:35:00,2133.15,2134.03,2132.64,2132.65,239.256
2026-05-20 21:40:00,2132.65,2132.83,2131.59,2132.57,612.5454
2026-05-20 21:45:00,2132.56,2133.95,2131.18,2132.89,187.9401
2026-05-20 21:50:00,2132.89,2133.5,2131.54,2132.82,308.165
2026-05-20 21:55:00,2132.82,2132.82,2130.61,2130.62,401.0779
2026-05-20 22:00:00,2130.61,2130.61,2125.82,2126.73,1526.4595
2026-05-20 22:05:00,2126.73,2127.55,2120.46,2121.22,1704.5383
2026-05-20 22:10:00,2121.21,2123.0,2119.58,2122.1,1752.6753
2026-05-20 22:15:00,2122.1,2123.0,2118.45,2118.9,1115.7763
2026-05-20 22:20:00,2118.89,2124.09,2118.45,2124.08,1699.9858
2026-05-20 22:25:00,2124.09,2126.98,2123.61,2126.43,475.2815
2026-05-20 22:30:00,2126.44,2128.58,2125.22,2126.61,389.2052
2026-05-20 22:35:00,2126.61,2126.84,2123.76,2123.76,219.989
2026-05-20 22:40:00,2123.75,2126.27,2123.22,2125.84,203.7006
2026-05-20 22:45:00,2125.85,2127.96,2125.7,2127.9,163.4857
2026-05-20 22:50:00,2127.9,2127.91,2126.32,2126.82,158.4965
2026-05-20 22:55:00,2126.83,2128.39,2126.82,2128.32,280.201
2026-05-20 23:00:00,2128.32,2128.32,2125.13,2125.14,554.4133
2026-05-20 23:05:00,2125.14,2127.27,2125.13,2125.35,454.4214
2026-05-20 23:10:00,2125.34,2125.47,2124.1,2125.24,196.7703
2026-05-20 23:15:00,2125.24,2125.94,2122.59,2125.17,611.6402
2026-05-20 23:20:00,2125.16,2125.34,2123.56,2124.09,158.9013
2026-05-20 23:25:00,2124.09,2125.6,2124.09,2125.51,144.4379
2026-05-20 23:30:00,2125.52,2126.47,2124.84,2126.46,257.8696
2026-05-20 23:35:00,2126.46,2128.17,2126.0,2127.04,208.9227
2026-05-20 23:40:00,2127.04,2127.62,2126.37,2127.28,327.6097
2026-05-20 23:45:00,2127.27,2129.34,2126.11,2129.24,336.9075
2026-05-20 23:50:00,2129.23,2129.68,2128.17,2129.68,148.0779
2026-05-20 23:55:00,2129.68,2130.37,2128.87,2129.44,309.2182
2026-05-21 00:00:00,2129.44,2129.75,2129.44,2129.74,6.3271
